<data>
	<item id="4_1">
		<title>Jorn Brown</title>
	</item>
	<item id="4_2">
		<title>Terry Richardson</title>
	</item>
	<item id="4_3">
		<title>Alexander McQueen</title>
	</item>
	<item id="4_4">
		<title>Pit Sampras</title>
	</item>
	<item id="4_5">
		<title>Brad Pitt Junior</title>
	</item>
	<item id="4_6">
		<title>Wai Chen Lin</title>
	</item>
	<item id="4_7">
		<title>Jeff Bridges</title>
	</item>
	<item id="4_8">
		<title>Lenny Kravitz</title>
	</item>
	<item id="4_9">
		<title>Lionel Messi</title>
	</item>
	<item id="4_10">
		<title>Vera Wang</title>
	</item>
	<item id="4_11">
		<title>Dominic Lambert</title>
	</item>
	<item id="4_12">
		<title>Mario</title>
	</item>
	<item id="4_13">
		<title>Helen Carter</title>
	</item>
	<item id="4_14">
		<title>Melissa Williams</title>
	</item>
	<item id="4_15">
		<title>Iker Casillas</title>
	</item>
	<item id="4_16">
		<title>Robert Fletcher</title>
	</item>
</data>